;;
;BM Text Corpus On News;
;;
;TEXT;RESULT
;Justeru, tiada sebarang pemindahan bon atau dana seumpamanya kepada mana-mana syarikat, pihak atau individu seperti yang dinyatakan di atas berlaku seperti yang didakwa;Positive
;Oleh sebab ini jelas merupakan dokumen dipalsukan, KWSP membuat laporan polis pada 28 Oktober 2015;Positive
;Sebelum mana-mana keputusan pelaburan dibuat, proses tadbir urus kami memerlukan semua cadangan yang tertakluk kepada penilaian risiko ketat dan kajian terperinci oleh pengurusan.;Positive
;Semua kelulusan perlu melalui jawatankuasa pelaburan pengurusan bagi mendapatkan sokongan sebelum dikemukakan kepada Panel Pelaburan bagi kelulusan akhir;Neutral
;Kerajaan sedar dan telah mengambil langkah pantas.;Positive
;TN50 sebagai satu hala tuju yang membolehkan kita melonjak ke arah mencapai matlamat ‘Top 20 Nations’ di dunia kelak;Positive
;Kanvas Belia TN50 serta pelbagai input lain akan menjadi asas kepada pelan dasar TN50 yang bakal dilancarkan pada Hari Malaysia 2018;Neutral
;Rakyat Malaysia inginkan satu penyelesaian konkrit daripada kerajaan untuk mengatasi masalah ini.;Positive
;Melihat kepada realiti hari ini, yang mana industri mudah alih semakin meluas, pengguna media sosial yang meningkat dan pelaksanaan urus niaga elektronik (e-dagang) semakin melonjak tinggi statistiknya;Positive
;Harapan juga menjanjikan capaian internet meliputi seluruh kawasan termasuk luar bandar;Positive
;Pembayaran fasa pertama BR1M 2018 telah mula diagihkan Isnin lepas dan kepada penerima yang belum mendapatnya, perlulah menunggu sekurang-kurangnya dalam masa seminggu.;Positive
;Perdana Menteri Datuk Seri Najib Tun Razak telah menyatakan beliau tidak pernah mempertikaikan sumbangan Robert Kuok kepada ekonomi negara.;Positive
;Pada saya, isu-isu yang dipolitikkan ini tidak lagi berbangkit dan tidak perlu dipanjangkan kerana perdana menteri sudah memberi penjelasan yang tepat mengenainya;Positive
;Mana-mana dana yang tidak mencapai skor minimum penilaian tahunan, akan digantung dan tidak boleh ditawarkan dalam tempoh berkenaan.”;Positive
;Jangan stres, kalau kita buat cara betul, kalau kita tinggalkan benda tak baik, kita boleh stres;Positive
;Pagi tadi saya dapat teks daripada (Menteri di Jabatan Perdana) Datuk Seri Rahman Dahlan yang menyatakan Aramco bersetuju untuk melabur US$7 bilion di Malaysia sebelum 31 Mac ini;Positive
;Cabaran itu biasa, bagi kami dan dengan gabungan media, halangan itu biasanya akan membantu kami.;Positive
;Dua tahun lepas ia dikatakan sebuah agenda Yahudi, tapi ada baiknya apabila tular menyebabkan orang nak tahu;Positive
;Akhirnya ia membolehkan kita memberikan jawapan yang tepat. Alhamdulillah kempen ini memberikan kesan yang baik;Positive
;Ia dapat dilihat berdasarkan kepada sambutan orang ramai terhadap perancangan pembangunan di kawasan penempatan mereka dan ia jelas menunjukkan apa juga yang telah dilaksanakan sebelum ini diterima.;Positive
;Bagaimana pun semua ini tidak akan memberikan rasa puas hati kepada saya dan akan terus bertekad untuk merancang pelbagai pembangunan pada masa akan datang demi memastikan masyarakat terus mendapat manfaat daripada apa yang dibangunkan nanti.;Positive
;Malah, konsep turun padang dilaksanakan sebelum ini untuk menemui masyarakat di Simpang Renggam yang diamalkan sejak sekian lama turut menjadi asas kekuatan sokongan masyarakat terhadap BN;Positive
;Kerja-kerja naik taraf mengatasi masalah banjir dan masalah pencemaran air di Sungai Benut yang menjadi nadi utama bekalan air bersih sedang giat dilaksanakan.;Positive
;Turut dalam perancangan adalah menambah baik perkhidmatan bekalan air bersih melalui beberapa pendekatan yang sedang dirancang.;Positive
;ijangka ia akan selesaikan sepenuhnya masalah pencemaran yang sering berlaku sebelum ini;Positive
;Malah kerja keras semua ahli  jentera parti yang dilaksanakan tanpa henti selepas PRU13 lalu membuktikankesungguhan kepimpinan di sini untuk terus menabur bakti kepada masyarakat selain memastikan mereka tidak ketinggalan daripada manfaat yang disediakan kerajaan;Positive
;Secara rasmi masih belum bincang lagi.;Neutral
;Benda ini biasanya Pesuruhjaya Pas negeri yang akan buat keputusan.;Neutral
;Lebih membanggakan lagi, NHRAP yang dibangunkan ini adalah pelan yang komprehensif, dengan mengambil kira aspirasi rakyat dan berdasarkan acuan Malaysia,;Positive
;Ternyata sekali, apa juga kebimbangan kita seperti berlaku di masa-masa lampau seperti Ops Lalang tidak akan berulang lagi;Positive
;Teras kelima ialah kewajiban antarabangsa yang menyenaraikan komitmen Malaysia dalam instrumen-instrumen antarabangsa berkaitan hak asasi manusia;Positive
;Dalam erti kata lain, kemudahan ini akan menggalakkan penyertaan awam yang lebih berkesan bagi memastikan pelaksanaan dan penambahbaikan NHRAP dari semasa ke semasa;Positive
;Kerajaan juga bersetuju melantik pihak berkecuali bersesuaian, antaranya dalam kalangan organisasi masyarakat sivil dan ahli akademik, bagi mengumpul serta menganalisis maklum balas awam diterima terhadap pelaksanaan NHRAP;Positive
;Saya harap secepat mungkin (lantik pengerusi).;Neutral
;Pelan ini akan diserahkan kepada Datuk Paul Low Seng Kuan (Menteri di Jabatan Perdana Menteri) yang akan melaksanakan NHRAP,;Neutral
;Tujuan di sebalik langkah itu adalah untuk mengagihkan dividen kepada pemegang saham, saham AirAsia di bawah nilai dan dengan menjual aset bukan terasnya, ia sebenarnya meningkatkan harga saham kami dan kami melihat ia berpotensi besar untuk meningkatkan pendapatan AirAsia, dan hari ini ia meningkat 22 sen;Positive
;AirAsia adalah sebuah syarikat penerbangan dan kami menjual tiket dan kami akan terus membeli pesawat pada masa depan dan kami akan memiliki lebih banyak pesawat dan kemudiannya memajakkannya,;Positive
;Kami menjual syarikat pajakan kami pagi ini dan wang yang diterima akan meningkatkan ringgit, jadi ia akan mencerminkan dengan lebih baik lagi kekuatan sebenar dan daya tahan ekonomi Malaysia;Positive
;Sumbangan daripada segmen itu adalah penting, menyumbang seperlima daripada hasil, selain daripada pendapatan sampingan lain, iaitu, makanan dalam penerbangan, perkhidmatan daftar masuk lapangan terbang dan perniagaan logistik;Positive
;Kami masih mempunyai perniagaan lain, termasuk perniagaan digital kami serta Santan, yang mana Santan menerima minat di seluruh Asia dan beberapa pihak telah menghubungi kami untuk aktiviti francais sebagai restoran makanan segera Asia;Positive
;(Laporan) itu boleh diterjemahkan menjadi dasar kerajaan selama 30 tahun lagi, jadi saya menggalakkan semua pihak mengkaji laporan itu;Positive
;Walaupun kita tidak menunjukkan prestasi yang baik pada pilihan raya umum yang lepas apabila kita hanya mempunyai tujuh kerusi ketika itu, tetapi pada masa yang sama anda dapat melihat kita mempunyai potensi untuk memperbaiki pencapaian,;Positive
;Kami menjadi orang yang amat mempercayai dasar anda;Positive
;Kami tidak akan berada di mana kami hari ini jika tidak disebabkan kebijaksanaan dan wawasan anda dan kami mengharapkan pertimbangan baik anda mengenai cara terbaik untuk membentuk persekitaran kos ideal untuk syarikat penerbangan kos rendah ;Positive
;bukan sahaja untuk berkembang tetapi berkembang maju demi kebaikan negara;Positive
;Terima kasih kepada langkah yang berani itu, walaupun hanya tinggal enam bulan lagi pada tahun itu, kita melihat trafik penumpang di LCCT melonjak 31 peratus kepada 7.6. juta daripada 5.8 juta pada 2006,;Positive
;Ini adalah mengenai rakyat;Neutral
;Kisah kejayaan AirAsia adalah baik untuk Malaysia dan menyumbang kepada peningkatan taraf hidup yang disasarkan perdana menteri;Positive
;"Terima kasih kerana menamakan  saya ""Bapa Perjalanan Udara Tambang Rendah """;Positive
;Saya perlu menjaga kebajikan anda.;Positive
;Kerajaan dan rakan sekerja saya, Menteri Pengangkutan (Datuk Seri Liow Tiong Lai) akan memastikan anda berkembang dan berjaya melampaui imaginasi kami,;Positive
;Kita semakin hampir dengan sasaran ini;Positive
;Bagaimanapun, pelancongan sering berubah-ubah dan kadang-kadang tidak dapat diramalkan kerana corak perjalanan dan sentimen dipengaruhi oleh pelbagai faktor.;Neutral
;Ini bermakna selain mempunyai strategi yang tepat dan satu set dasar yang kondusif, sebagai satu destinasi, Malaysia mestilah bijak dan berterusan dalam strategi kita, dalam  kempen pemasaran kita serta merancang pendekatan kita di pasaran yang berbeza;Neutral
;Pada masa ini, memilih sesebuah hotel bukan hanya untuk menikmati keselesaan bermalam. ;Neutral
;Generasi millennial mencari pengalaman yang tidak dapat dilupakan yang dipengaruhi oleh suasana, seni bina, pemandangan atau objek yang indah.;Neutral
;Generasi lain juga mementingkan nilai yang tinggi dengan pengalaman hebat yang secara  aktif mencarinya apabila berjalan;Neutral
;Amanah tidak bermasalah dengan Pas sebaliknya dengan hati terbuka telah mengajak parti Islam tersebut untuk bersama dengan Pakatan Harapan (Harapan) menyelamatkan negara;Positive
;namun di pihak sana telah meletak batu pemisah dan berterusan membuat serangan dengan melabel kita dengan pelbagai gelaran;Negative
;Pas tidak lagi releven sebagai parti politik dan tidak ada arah.;Negative
;Amanah tidak pernah mengeluarkan sebarang kenyataan mahu memusuhi Pas apa lagi memusnahkan parti Islam tersebut.;Positive
;Dalam politik kita mempunyai perbezaan pandangan namun tidak ada langsungkah titik persamaan antara Pas dengan parti pembangkang iaitu menjatuhkan kerajaan BN yang gagal mentadbir negara dengan baik;Positive
;Kita ikut suara pucuk pimpinan;Positive
;jadi tak timbul isu Amanah bersungguh-sungguh menjatuhkan kerajaan Pas di Kelantan.;Positive
;Ini soal demokrasi dan semua berhak untuk bertanding apa yang penting amanah rakyat itu dijalankan dengan betul;Neutral
;Amanah boleh memperjuangkan Islam kerana inspirasi kami juga adalah melalui pimpinan Allahyarham Tok Guru Nik Aziz dan Datuk Fadzil Noor;Positive
;Kita mesti insaf, kita tidak berada dalam comfort zone (zon selesa) dan oleh itu kita mesti ketepikan kepentingan peribadi dan sama-sama berperang demi kemenangan parti;Positive
;Kita mesti perkukuhkan parti kerana pilihanraya kali ini bukan pilihanraya biasa-biasa dan kita harap Terengganu dapat memantapkan kedudukan demi kelangsungan parti pada masa depan;Positive
;Masalahnya PPBM ini sebenarnya mereka mesyuarat cawangan pun tiada.;Neutral
;Kita mempunyai struktur dan ikut apa yang dikehendaki oleh ROS;Positive
; jadi jangan salahkan ROS bila parti mereka susah mendapat kelulusan pendaftaran;Positive
;Penangguhan tersebut adalah bagi memastikan kesempurnaan perjalanan parti selaras Fasal 10.15 Perlembagaan UMNO dengan proses pemilihan dalam Umno berjalan lancar dan juga mengambil kira faktor keadaan semasa politik parti;Neutral
;Kalau sampai 19 April 2018 masih tak ada apa-apa dibuat, maka soal berbangkit, apakah status mereka yang memegang jawatan dalam Umno pada waktu itu? ;Neutral
;Bagaimana status Umno sendiri dalam soal ini?;Neutral
;Betulkah Tengku Adnan dah dapat kebenaran ROS? ;Neutral
;Benarkah ROS secara rasmi dah membenarkan Umno untuk tangguh pemilihan?;Neutral
;Hal ini bermakna pemilihan Umno akan ditangguhkan melebihi tempoh 18 bulan, keputusan penangguhan ini kononnya telah mendapat kelulusan ROS.;Negative
;Keputusan Majlis Tertinggi Umno menangguhkan pemilihan parti melebihi 18 bulan jelas bercanggah dengan Fasal 10.16 Perlembagaan Umno.;Negative
;Kedua adakah benar ROS berikan kebenaran untuk tangguhkan pemilihan parti melebihi tempoh dibenarkan oleh perlembagaan parti itu,;Neutral
;Kita pulangkan paku buah keras kenapa wujud layanan berbeza dalam isu pertubuhan politik antara Umno dan Bersatu;Negative
;Waktu Perdana Menteri, Datuk Seri Najib Tun Razak buat keputusan saya masih dalam Umno lagi, sepatutnya semua mesyuarat Umno bahagian dan cawangan selesai dalam bulan April.;Negative
;Kononnya nak fokus pada pilihan raya umum tapi sampai sekarang tak buat lagi.;Negative
;Pilihan raya penting tapi perlembagaan tak penting?;Negative
;ROS mesti merujuk perlembagaan;Neutral
;Bersatu minta tangguh persidangan agung tahunan , ROS tidak benarkan;Negative
;Isunya apa status jawatan ahli dan pimpinan Umno itu sah atau luput?;Neutral
;Walaupun wujud begitu banyak kebimbangan dalam diri saya, tetapi saya yakin bahawa menyertai Bersatu ini adalah satu perkara yang perlu saya lakukan sekarang.;Positive
;Saya fikir berucaplah sekuat mana sekali pun, tulislah sebanyak mana kertas cadangan tapi sekiranya rejim yang sama terus mentadbir negara, perubahan tuntas yang kita mahukan mustahil akan terlaksana kerana 'political will' itu tidak wujud;Negative
;Itu keputusan parti, biar Bersatu putuskan;Neutral
;Saya tak boleh pandai-pandai takut dipecat tidak sampai lima minit;Neutral
;Bukan itu sahaja Wan Saiful akan ditempatkan dalam Majlis Pimpinan Tertinggi Bersatu bagi mengisi kekosongan posisi yang ditinggalkan beberapa ahli parti.;Neutral
;Penyertaan Wan Saiful dijangka mampu meningkatkan lagi imej parti terutama memberi sumbangan idea;Positive
;Jangan undi dacing, jangan undi bulan.;Negative
;Dan bulan itu sebagai pengacau untuk menarik undi Pakatan Harapan.;Negative
;Bulan ini tidak boleh menang, dia buat kacau sahaja.;Negative
;Bulan ada untuk sokong BN;Negative
;Orang Asli perlukan hutan kerana itu sumber pendapatan mereka.;Neutral
;Kegiatan dan perlombongan telah memberi kesan kepada kehidupan penduduk, malah mereka hidup di dalam debu.;Negative
;Pakatan Harapan akan berusaha untuk mengurangkan, malah sebaiknya menghentikan kegiatan-kegiatan ini demi menjamin kehidupan yang lebih baik buat penduduk khususnya Orang Asli;Positive
;“Kita (Muslimat) tak ada masalah dengan baiah, kerana dapat kukuhkan Pas di Kelantan.;Positive
;Ini juga menjelaskan kepada rakyat bahawa kita serius dalam kepimpinan di peringkat kebangsaan dan negeri.;Positive
;Insya-ALLAH kita yakin apa yang dibawa Tok Guru, Allahyarham Datuk Nik Abdul Aziz Nik Mat telah nampak keberkesanan;Positive
;Mereka (bekas ahli Pas) lafazkan baiah dalam keadaan sedar, jawablah dengan ALLAH;Neutral
;Baiah buktikan setiap calon perlu bersiap sedia, bukan main-main kerana ada tanggung jawab dipikul.;Neutral
;Rakyat Malaysia perlu celik bahawa kita serius isu kepimpinan negara dan negeri. ;Positive
;Ia tidak boleh dijual beli,;Positive
;Defendan (Mohd Rafizi) seolah-olah ingin memberi gambaran bahawa LTAT tidak punya dana yang cukup untuk membayar gratuiti pesara-pesara tentera, walhal kenyataan tersebut adalah tidak benar sama sekali;Positive
;Plaintif (LTAT) telah menjelaskan semua permohonan pesara tentera yang telah lengkap dan diterima daripada Urusan Gaji Angkatan Tentera telah diproses dan pembayaran telah dibuat;Positive
;Kita (Harapan) mungkin akan perkenalkan balik PPSMI. ;Neutral
;Kalau majoriti rakyat nak (PPSMI), kita akan laksanakan.;Positive
;Tapi dalam hal ini, terpulang kepada rakyat dan kita akan (pertimbangkan) jika itu yang mereka mahu;Positive
;Sukan sering dicalar pelbagai perkara yang bak kata 'kerana nila setitik rosak susu sebelanga';Negative
;Saya berjanji kepada diri saya, PDRM akan berada di barisan hadapan sekiranya ada yang menjual perlawanan terutamanya bookie yang campur tangan dan mengaut keuntungan bagi poket sendiri;Positive
;Jaguh sukan lahir bukan sebab keturunan, ketokohan muncul dengan latihan berterusan. Jadi, ia perlu direncana secara berstruktur, tentu Kementerian Belia dan Sukan akan diberi peruntukan lebih besar kerana sukan bukan hanya untuk suka-suka;Positive
;Perkara ini sudah diselesaikan Perdana Menteri (Datuk Seri Najib Razak) dan beliau sudah memberitahu bukan hanya kepada rakan dalam parti komponen, malah Jemaah Menteri supaya apa yang sudah diperjelaskan oleh Robert Kuok itu diterima baik.;Positive
;Perdana Menteri juga sudah memberi penjelasan tentang isu berkenaan dalam kenyataannya dan pihak kerajaan menerima baik penjelasan itu.;Positive
;Beliau sendiri meminta agar isu ini tidak lagi dipolemikkan dan berlandaskan alasan itu, kita terima dengan cukup berlapang dada;Positive
;Kita mempunyai MoU (Memorandum Persefahaman) dengan Arab Saudi dalam bidang keselamatan dan kita akan terus berkongsi pengalaman dan kepakaran Malaysia dalam deradikalisasi untuk pengganas khususnya daesh;Positive
;Kerajaan Malaysia khususnya Kementerian Pengangkutan akan memastikan impian itu dipenuhi;Positive
;Menerusi pembentangan Bajet 2018 yang lalu, kerajaan menyediakan peruntukan mencukupi bagi mempromosi dan meningkatkan kemudahan pelancongan di negara ini.;Positive
;Sebanyak RM400 juta diperuntukkan bagi menggalakkan industri berkenaan termasuk pengurangan cukai bagi tajaan oleh syarikat swasta yang menganjurkan program kebudayaan dan kesenian;Positive
;Rakyat Malaysia yang berfikiran waras akan ingat bagaimana Mahathir memulakan serangan berita palsu terhadap 1MDB, apabila menyatakan dengan salah bahawa 'RM42 bilion telah hilang', hanya untuk dibuktikan berulang kali bahawa kenyataan itu adalah salah;Positive
;Hakikatnya adalah sumber tuduhan tu terkandung dalam tuntutan sivil Jabatan Kehakiman (DoJ) Amerika Syarikat, yang sebenarnya telah ditangguhkan sejak Ogos 2017.;Positive
;Sehingga hari ini, selain dakwaan asas yang terkandung dalam tuntutan sivil itu, DoJ belum mengemukakan sebarang bukti kukuh bahawa Jho Low ialah pemilik sebenar kapal mewah itu ataupun ia dibeli menggunakan dana daripada 1MDB;Neutral
;Pembangkang gagal menyatakan bahawa dakwaan sumber dana dalam tuntutan sivil DoJ adalah daripada Aabar BVI, yang menurut DoJ, dikatakan mempunyai urusan perniagaan dengan Jho Low.;Positive
;1MDB berulang kali menjelaskan bahawa walaupun ia mempunyai urusan perniagaan dengan Aabar BVI, 1MDB tidak mempunyai sebarang urusan perniagaan dengan Jho Low dan yang lebih penting, 1MDB bukanlah pihak dalam tuntutan sivil DoJ;Positive
;Sebagai antara negara yang lebih membangun, Malaysia boleh memainkan peranan penting dengan berkongsi pengalaman dan kemahirannya dalam membangunkan kawasan luar bandar.;Positive
;Kami bersedia untuk berkongsi pengalaman dan pengetahuan dalam pembangunan ekonomi dan sosial dengan negara membangun lain, seperti melalui rangka Program Kerjasama Teknikal Malaysia (MTCP), yang telah menunjukkan kesediaan Malaysia berkongsi pengalaman pembangunannya dengan negara-negara Selatan-Selatan .;Positive
;Sejak 35 tahun lepas, kami telah membantu negara-negara kurang maju dalam bidang seperti perancangan ekonomi, kewangan dan perdagangan, pertanian, pendidikan, latihan teknikal industri dan diplomasi;Positive
;Sejak zaman pemerintahan Penjaga Dua Kota Suci Raja Abdulaziz Al Saud, tidak pernah ada pihak bersaing dengan Arab Saudi dalam pengurusan Haramain ini.;Positive
;Kami menolak sebarang percubaan untuk merosak atau memusnahkan Tanah Suci dan akan menjaga tempat itu sebaik-baiknya serta memberi tumpuan kepada kepentingan Islam;Positive
;Dalam mesyuarat kerajaan negeri baru-baru ini, kita telah membincangkan tentang peluang dan bagaimana pendekatan untuk memudahkan golongan ini memiliki rumah.;Positive
;Jadi, saya anjurkan semua pihak termasuk pemaju perumahan supaya melaksanakan pendekatan ini.;Positive
;Ia bukan dasar yang menjadi kemestian tetapi menunjukkan dasar berkebajikan kita yang prihatin kepada keperluan rakyat khususnya golongan berkenaan;Positive
;Insya-Allah pada 2050, kita akan dapat lihat pelaksanaan sepenuhnya program-program yang telah dipersetujukan dalam resolusi tersebut;Positive
;Selain kedua-dua negara mempunyai perjanjian kerjasama dalam bidang keselamatan, lawatan itu mampu mengukuhkan lagi hubungan dua hala Malaysia dan Arab Saudi;Positive
;Pendidikan sudah pasti akan menjadi (projek kegemaran) saya secara peribadi dan sebagai duta Turki di sini.;Positive
;Ia merupakan satu keghairahan buat diri saya.;Positive
;Saya berharap kerjasama seperti ini dapat diteruskan dan seterusnya dapat menjadikan kementerian ini sebagai kementerian yang benar-benar dapat membantu rakyat.;Positive
;Saya juga mengharapkan semua berita yang dihasilkan oleh pihak media adalah berfakta dengan mesej yang positif agar rakyat dapat faham dengan lebih jelas mengenai semua usaha yang dilakukan kementerian;Positive
;Kami telah menerima permohonan untuk menjadikan flat perumahan sedia ada menjadi bilik darjah tingkatan enam dan kementerian telah meluluskan peruntukan RM15 juta bagi projek tersebut;Positive
;Kami sentiasa menyokong usaha memperkasa keusahawanan di kalangan usahawan wanita.;Positive
;Pada kali ini kami turut berkongsi maklumat mengenai pelbagai perkhidmatan, pembiayaan dan program yang tersedia untuk usahawan wanita IKS di Sabah melalui perkongsian idea, pengalaman, aspirasi serta paling penting, mempromosi produk ke peringkat yang lebih luas;Positive
;Tahun ini, lebih 4,500 institusi telah dinilai dalam 48 subjek dan lima Bidang Subjek Luas, menjadikan Ranking Subjek QS 2018 sebagai yang paling komprehensif.;Positive
;Oleh itu, prestasi signifikan ini sebahagian besar disebabkan oleh komitmen yang kuat oleh ahli fakulti UTM untuk memberi sokongan terbaik dalam memudahkan pengalaman pembelajaran pelajar sambil memanfaatkan bakat yang berpotensi di kalangan pelajar untuk berusaha ke arah mencapai kecemerlangan;Positive
;Saya amat pasti dan menggunakan pertimbangan sewajarnya ketika menulis kenyataan tersebut,;Positive
;Sebagai negara yang menandatangani WHO (Pertubuhan Kesihatan Sedunia), kami juga komited untuk mencapai Strategi Sektor Kesihatan Global 2016-2021 dengan matlamat untuk menghapuskan viral hepatitis menjelang tahun 2030;Positive
;Sebagai antara negara yang lebih membangun, Malaysia boleh memainkan peranan penting dengan berkongsi pengalaman dan kemahirannya dalam membangunkan kawasan luar bandar.;Positive
;Kami bersedia untuk berkongsi pengalaman dan pengetahuan dalam pembangunan ekonomi dan sosial dengan negara membangun lain, seperti melalui rangka Program Kerjasama Teknikal Malaysia (MTCP), yang telah menunjukkan kesediaan Malaysia berkongsi pengalaman pembangunannya dengan negara-negara Selatan-Selatan.;Positive
;Sejak 35 tahun lepas, kami telah membantu negara-negara kurang maju dalam bidang seperti perancangan ekonomi, kewangan dan perdagangan, pertanian, pendidikan, latihan teknikal industri dan diplomasi;Positive
;Kami dapati tiada merit dalam rayuan itu;Neutral
;Saya rasa gembira dan perdana menteri juga amat gembira melihat keseluruhan projek MRT berjalan dengan lancar,;Positive
;Ia berjalan lancar.;Positive
;Saya amat gembira melihat projek ini berjalan lancar. ;Positive
;Ia membabitkan banyak kerja;Neutral
;Esok kita akan menjual daging daripada tiga ekor lembu manakala empat ekor lagi akan disembelih Sabtu ini;Neutral
;Harga daging dan bahagian lain akan dijual lebih murah daripada harga pasaran antaranya hati, limpa dan tulang, akan dijual pada harga RM17 sekilogram berbanding RM20 hingga RM22 di pasaran;Positive
;Apa dilakukan kerajaan pada masa ini adalah untuk terus meningkatkan kemajuan bidang pendidikan dan proses pembelajaran dan pengajaran;Positive
;Kedua-dua sekolah dapat berkongsi pelbagai kemudahan seperti padang;Positive
;Kita masih tak mampu untuk mengeluarkan peralatan persenjataan, apatah lagi menghasilkan kepingan artileri yang asli;Negative
;Kerajaan perlu lebih serius dalam membangunkan sesetengah peralatan ketenteraan kita bagi mengurangkan kebergantungan kepada pembelian luar;Positive
;Tambahan lagi pada masa kini negara tidak menghadapi ancaman konvensional yang serius, sebaliknya kita menghadapi ancaman bukan konvensional seperti anti-keganasan dan pemeliharaan keselamagan di Timur Sabah;Neutral
;Saya amat pasti dan menggunakan pertimbangan sewajarnya ketika menulis kenyataan tersebut;Positive
;Saya memperoleh sumber bagi penulisan itu dengan banyak membaca setiap hari selain merujuk kepada akhbar, blog dan laman Facebook.;Positive
;Itu adalah asas kepada penulisan saya dan saya membuat kesimpulan melaluinya.;Neutral
;Ia adalah satu pandangan dan saya bukan individu yang senang untuk membuat silap;Neutral
;Saya percaya saya perlu berkongsi maklumat yang berasas dan penting terutamanya maklumat berkaitan dengan kepimpinan negara dan rakyat Malaysia supaya rakyat dapat mengetahui dan memilih kepimpinan negara yang berkaliber dan sesuai dalam pandangan rakyat;Positive
;Berdasarkan sumber-sumber yang didapati daripada pembacaan dan pemerhatian, saya rasakan adalah tidak adil kepada rakyat yang mengundi apabila mereka dibiarkan tertanya-tanya akan permainan politik pihak pembangkang;Negative
;Kami mempunyai kewajipan untuk mencari semua yang dikehendaki atau (sesiapa sahaja) dalam senarai itu, termasuk dalam notis merah Interpol. ;Neutral
;Tetapi, saya tidak nampak nama itu,;Neutral
;Apabila dapat surat dari MAB, lain pula jumlah yang diberikan, berbeza dengan jumlah yang dipersetujui di antara pihak keluarga dan peguam;Negative
;Ketika itu, dia masih belum bekerja, masih belajar. ;Neutral
;Mereka (MAB) mahukan bukti transaksi yang dilakukan secara ‘black and white’;Neutral
;“Dia (Ali) memang ada berikan wang kepada keluarga setiap bulan, tetapi tidak ada hitam dan putihnya, memandangkan ia selalu diberikan secara terus;Neutral
;Kami dapat sahkan kedua-dua pihak sudah perolehi keputusan secara baik dan sulit.;Positive
;Bagaimanapun, kami tidak akan mendedahkan butiran lanjut untuk menghormati privasi dan keselamatan ahli keluarga yang terjejas;Neutral
;Anda kena tanya China Press lah sebab saya tak boleh cakap apa yang berlaku dalam mesyuarat jemaah menteri.;Neutral
; Jadi, kalau puncanya daripada MCA, tanya MCA lah,;Neutral
;Apa yang berlaku dalam jemaah menteri semua itu rahsia, melainkan kalau perdana menteri sendiri nak bercakap atau ada jurucakap yang dilantik.;Neutral
;Artikel itu yang mendakwa saya menerima RM100 juta daripada Kuok (Tan Sri Robert Kuok) yang dibayar selama 4 tahun sejak pilihan raya umum (PRU) lalu.;Neutral
;Artikel itu turut menyatakan saya bertanggungjawab terhadap sekumpulan evangelis radikal yang menganjurkan aktiviti bagi mencetuskan permusuhan antara orang Melayu dan Cina.;Neutral
;Ia mendakwa saya anti-Muslim dan anti-Islam serta merancang orang Cina memerintah Malaysia,;Negative
;Di negara lain, berita palsu digunakan kerajaan autoritarian untuk melenyapka (tuduhan) pelanggaran hak asasi manusia.;Negative
;Di Malaysia, ia digunakan untuk menghilangkan (berita) rasuah.;Negative
;Lihat RM400 juta yang mungkin dirampas kerajaan Switzerland kerana ia adalah wang dikaitkan dengan 1MDB.;Negative
;Semalam, kami dengar rampasan kapal layar Equanimity bernilai hampir RM1 bilion didakwa milik ahli perniagaan, Low Taek Jho, di mana jet Bombardier Global 5000 dia disita awal Februari lalu;Negative
;Saya akan mencadangkan ketua pembangkang, Datuk Seri Dr Wan Azizah Wan Ismail yang akan memulakan perbahasan untuk membuat pindaan usul terima kasih kepada Agong dengan meminta kerajaan membuat tuntutan terhadap aset berkaitan 1MDB;Positive
;Catatan itu menunjukkan Exco PKR Selangor, Elizabeth Wong, Adun PKR, Chua Yee Ling dan Ahli Majlis Selayang daripada PKR, Fok Wai Mun di sebuah acara perayaan Cina, tetapi membabitkan saya dalam gambar itu;Neutral
;Catatan itu mendakwa saya akan melakukan apa sahaja untuk (mendapat) undi Cina.;Negative
;Ini adalah fitnah terbesar kerana hidangan babi dalam gambar itu sangat sensitif kepada umat Islam.;Negative
;Perkara ini memalukan dan menjejaskan saya dengan teruk. ;Negative
;Orang dari luar bandar yang tidak kenal Wong mungkin percaya ini adalah saya seperti dipaparkan dalam catatan tersebut.;Negative
;Berita palsu seperti ini perlu dihentikan segera.;Positive
;Setiap kali saya pergi ke mana sahaja, orang Melayu dan Cina akan tanya saya adakah benar catatan Facebook itu.;Neutral
;Kalau ada apa-apa, kita minta kebenaran. ;Neutral
;Apa yang kita buat tak pernah melanggar apa yang ada dalam peraturan.;Positive
;Kalau kita menangguhkan (pemilihan parti), kita menangguhkan dengan kebenaran JPPM (Jabatan Pendaftaran Pertubuhan Malaysia);Neutral
;Selesaikan masalah mereka dengan JPPM;Neutral
;Jho Low ada tak dalam kapal itu? ;Neutral
;Orang bertanya Jho Low di mana, 7 anak kapal telah ditahan di perairan Indonesia.;Neutral
;Negara jiran kita di Bali hebat, besar kapal itu.;Neutral
;Namun, kenapa di pihak Indonesia yang rakan kita di negara itu mampu mengambil tindakan kerana sudah ada keputusan yang dibuat DoJ, jadi isu yang berkaitan 1MDB boleh diambil tindakan.;Neutral
;Kenapa di Malaysia yang mana segala-gala masalah berpunca di sini, satu tindakan tidak diambil? ;Negative
;Kalau kapal dah dirampas, boleh tak saman untuk menangkap Jho Low dikeluarkan?;Neutral
;Misi pencarian semakin rancak dan ia berjalan dengan baik;Positive
;Kami yakin pencarian akan dapat menemukan pesawat hilang itu;Positive
;Namun pendirian MCA tegas iaitu terus mempertahankan keharmonian negara dan kepentingan masyarakat Cina;Positive
;Kita akan lihat semula melalui apa saja dapatan daripada resolusi Majlis Perundingan Islam (MPI) ini bagi pewujudan Suruhanjaya Pendidikan Malaysia.;Neutral
;Ya, pemimpin datang dan pergi, tetapi soal dasar pendidikan jangan dijadikan bahan uji kaji.;Neutral
;Anak-anak kita menjadi bahan uji kaji dan akhirnya tubuh mereka lebih awal bongkok sebelum usia kerana beban yang dibawa, bukan sekadar beban pemikiran, tetapi beban buku yang membongkokkan mereka.;Negative
;Buku-buku jarang dibaca kerana tahap pembacaan di Malaysia ini sangat kurang,;Negative
;PH Perak akan umum bilangan kerusi parti yang bertanding pada PRU14 dalam masa terdekat;Neutral
;Ini tidak pernah berlaku;Neutral
;Marilah kita bekerjasama, kerana tiada kebaikan terhasil dari tindakan negatif, dan kemajuan menuntut kita berfikiran positif.;Positive
;Kami akan keluar mengundi tetapi kerana kami tidak setuju dengan kedua-dua pihak, kami akan rosakkan undi,;Negative
;Kami bukan mahu bermusuhan dengan mana-mana pihak dalam kempen ini, sebaliknya kami hanya mahu menawarkan perspektif berbeza kepada anak muda.;Positive
;Bagaimana kita mewujudkan impak dengan mengundi?;Neutral
;Tegaskan kepada parti bertanding di dalam pilihanraya, mereka hanya mendapat undi sekiranya dapat menunjukkan bagaimana mereka dapat memberikan perkhidmatan terbaik kepada rakyat. ;Positive
;Bukankah ini memberikan kesan lebih positif dalam membina masa depan kita?”;Positive
;Dalam konteks PRU14, kami menyeru anak muda mengundi berdasarkan nilai-nilai positif.;Positive
;Kami berharap mereka sedar, tidak memilih sama sahaja seperti tidak mahu mengambil bahagian dalam membentuk masa hadapan mereka.;Positive
;Semua rakyat Malaysia mempunyai kepentingan langsung di negara.;Positive
;Jadi, tugas kita semua untuk memaklumkan dan mendidik tentang kepentingan mengambil bahagian dalam sistem demokrasi di Malaysia dengan cara betul, bukannya merosakkan undi.;Positive
;Kerajaan patut malu dengan tindakan pelbagai negara yang bertindak ke atas dana diselewengkan itu;Negative
;Tanpa tindakan undang-undang, maruah negara dan pemimpin akan terus tercemar;Negative
;Kami memfailkan semakan kehakiman untuk mendesak JPPM memberi respons berkenaan pendaftaran kami dan kami juga mahu mendesak mereka mendaftarkan PH seperti mana dalam permohonan.;Positive
;Mahkamah membenarkan kami mencabar JPPM dan menetapkan 15 Mac.;Neutral
;Kami akan meminta tarikh pendengaran lebih awal memandangkan pilihan raya semakin hampir,;Neutral
;Tiada sebab untuk JPPM melewatkan pendaftaran PH.;Neutral
;Ianya sudah tentu PH menunggu sama ada pendaftarannya bergantung kepada keputusan peringkat mahkamah;Neutral
;Saya rasa dan percaya parti lain mungkin mempunyai perasaan yang sama;Positive
;Kita ambil kira semua sebelum kita ambil keputusan.;Neutral
;Ini adalah satu keputusan dasar jadi kalau nak dilaksanakan kena ambil kira lah Sabah, Sarawak dan Semenanjung sekali.;Neutral
;Itu soal teknikal;Neutral
;Harap-harap akan kita boleh selesaikan dalam masa terdekat;Positive
;Saya lihat rumah PPR, mereka (penyewa) masuk (menduduki) kemudian terbiar...ini rumah sewa, depa (mereka) harap tuan tanah (pemilik projek PPR) baiki, tapi tuan tanah nak baiki macam mana jika sewa pun tak bayar;Negative
;Kita akan jual terus rumah ini kepada penduduk guna konsep sewa beli;Positive
;Mungkin pertumbuhan dalam KDNK (Keluaran Dalam Negara Kasar) di Malaysia didorong oleh pertumbuhan dalam keuntungan (perniagaan);Neutral
;Malah, peningkatan pendapatan bagi 20% tertinggi juga lebih daripada dua kali ganda peningkatan pendapatan untuk kelas pertengahan rakyat Malaysia;Positive
;Penerima pertumbuhan itu hanya golongan kaya;Neutral
;Pertumbuhan dalam pendapatan buruh mengurangkan kesan terhadap kumpulan isi rumah kategori M40 dan B40;Positive
;Harga produk ini sejak beberapa tahun terakhir menunjukkan peningkatan ketara;Negative
;Untuk produk ini, kenaikan harga lebih daripada kenaikan gaji;Negative
;Kami mendapati terdapat sejumlah besar pekerja dengan diploma dan ke atas tetapi bekerja dalam jawatan perkeranian.;Negative
;Ini menjelaskan mengapa kumpulan itu tidak dapat menerima faedah daripada pertumbuhan pendapatan;Negative
;Tiada penguatkuasaan dijalankan untuk memastikan semua syarikat membayar gaji minimum;Negative
;BR1M pula impaknya kecil dan tidak disesuaikan dengan saiz keluarga dan ia secara tidak langsung menyumbang kepada perkembangan harga;Negative
;Jumlah itu jelas menunjukkan negara ini mengalami ketidaksamaan yang besar antara kaya dan ‘Malaysia yang lain’;Positive
;Apa yang kita mahu ialah ‘kualiti’ pertumbuhan dan bukan ‘kuantiti’ pertumbuhan;Positive
;Kemasukan Wan Saiful ke dalam Bersatu juga akan membentuk gelombang kecil kepada Pakatan (PH) kerana dia memang dikenali sebagai intelek Melayu berbakat besar;Neutral
;Mereka boleh (berfungsi) sebagai semak dan imbang dalam Pakatan dalam pelbagai isu berkaitan pergerakan sosial dan suara akar umbi yang selama ini terpinggir.;Positive
;Latihan dan pendedahan (diterima) oleh Wan Saiful dan Maria Chin Abdullah dalam pergerakan sosial akan membolehkan mereka menjadi lebih proaktif dalam menangani isu;Positive
;Patriot memuji usaha KWSP yang tampil menafikan beberapa dakwaan yang dibuat Sarawak Report, terutama yang merujuk kepada dana tersebut.;Positive
;Bagaimanapun, penerangan daripada KWSP melalui kenyataan yang menyanggah dakwaan SR itu tidak cukup bagus.;Negative
;Mengambil kira keadaan yang begitu teruk dan jumlah wang yang didakwa terlibat begitu besar, KWSP harus mengadakan sidang media dan menunjukkan bahawa bon yang dipersoalkan itu masih dimiliki agensi berkenaan;Positive
;Bank Negara harus mengeluarkan kenyataan berhubung status bon tersebut.;Neutral
;Bank Negara juga harus menjelaskan mengenai dakwaan pemindahan sejumlah besar wang ke akaun dolar bank RHB milik sebuah syarikat persendirian, mendedahkan apa yang dibenarkan dalam ruang lingkup had perundangan;Neutral
;Apa yang boleh disimpulkan sekarang adalah ia telah memalukan Malaysia di persada antarabangsa.;Negative
;Penjawat awam yang berada di puncak kekuasaan, yang mana telah mengangkat janji kebertanggungjawaban dan kesetiaan, telah mengabaikan tanggungjawab mereka dalam memastikan adanya semak dan imbang, dan gagal untuk mempertahankan dana awam daripada diseleweng;Negative
;BEIM sedang bekerjasama dalam mempromosi, memelihara dan membina komuniti perniagaan rakyat Malaysia yang utuh mengikut tatakelakuan etika perniagaan contoh dan sihat.;Positive
;Penjawat awam dan ahli politik yang berada dalam lembaga pengarah dalam syarikat awam dan GLC harus terlebih dahulu mengikut tatakelakuan seumpama itu.;Neutral
;Apa yang dilakukan kerajaan pada masa ini adalah untuk terus meningkatkan kemajuan bidang pendidikan dan proses pembelajaran dan pengajaran. ;Positive
;Selepas bayar (nak tutup 1MDB)?;Neutral
;Macam mana nak bayar?;Neutral
;Beritahu kepada kita daripada mana punca (wang).;Neutral
;Kerajaan tidak ada duit;Negative
;Melalui wang ini kita akan membayar hutang…hasil diperoleh bukan membabitkan sehari dua, sebaliknya akan memakan masa lebih 10 tahun untuk menjana pendapatan daripada pembangunan jangka panjang terbabit.;Negative
;Sebaik saja habis hutang, tidak perlu lagi wujud 1MDB;Positive
;Kita akan selesaikannya sebelum pilihan raya umum;Positive
;Sebab mahu bagi tumpuan pada Pekan sebab Najib beri tumpuan di Langkawi.;Neutral
;Saya mungkin akan bertanding di Putrajaya, mungkin di Kubang Pasu, atau di Raub (Pahang) mungkin;Neutral
;Jangan takut…saya datang sini hanya untuk berbual dengan orang Pekan;Positive
;Saya tahu Najib dari Pekan, orang tempatan, tetapi jika dia lakukan kesalahan dia harus ditolak.;Negative
;Beliau menyebut bahawa ‘…penghuni yang memiliki tempat di bandar TRX akan membayar sewa dan kita juga akan menjual plot tanah;Neutral
;Sebab sebenar Irwan menyebut mengenai sewa dari penghuni di TRX, walaupun umum mengetahui projek itu projek swasta yang tanahnya telah dijual kepada syarikat swasta dari Indonesia, ialah kerana kerajaan Malaysia telah membeli kembali pegangan di dalam projek ini setelah menjualnya kepada syarikat Indonesia.”;Negative
;Kami memeriksa krunya sejak semalam dan kami sedang mengambil tindakan selepas mendapat kelulusan mahkamah;Neutral
;Kami akan lihat bagaimana ia berkembang. ;Neutral
;Sama ada kami boleh melakukan siasatan bersama kemudian atau kami boleh serahkan kemudian, kami dalam proses mengumpul bukti dan menyiasat;Neutral
;Saya menyokong penuh permintaan menghapuskan Jakoa dan menggantikannya dengan satu badan diketuai Orang Asli, untuk menjadi pelopor dalam usaha penambahbaikan kehidupan Orang Asli dalam pembangunan arus perdana di Malaysia;Positive
;Hanya seorang berada di kedudukan ‘pengurusan dan profesional’.;Neutral
; Yang lain hanyalah kakitangan sokongan dan rendah.;Neutral
;“Ini sangat memalukan dan menunjukkan kegagalan Jakoa mewakili sebahagian besar masyarakat Orang Asli.;Negative
;Sebab itulah DAP akan ambil langkah lanjut.;Neutral
;Jika kami berjaya tawan Putrajaya pada PRU14, kami akan cadangkan kepada PH untuk melantik Orang Asli sebagai timbalan menteri, dan Orang Asli menjadi ketua lembaga baharu yang menggantikan Jakoa, dan bersama bertanggungjawab menjadi pelopor meningkatkan pembangunan arus perdana masyarakat Orang Asli ;Positive
;Masyarakat Orang Asli Temiar tidak harus dianggap atau dilayan seperti penjenayah atau orang jahat kerana mereka hanya melindungi hak sebagai rakyat Malaysia secara sah;Negative
;Kerajaan persekutuan dan negeri tidak harus lupa, Orang Asli, khususnya masyarakat Temiar, berperanan penting dalam peperangan menentang pejuang komunis;Negative
;Perpindahan ke kampung baharu tersebut akan dilakukan sebaik pembinaan rumah siap termasuk disediakan kemudahan jalan, elektrik dan air bersih supaya dapat tinggal dalam keadaan selesa;Positive
;Selepas menerima penjelasan berhubung perkara itu daripada TNB, kami semua bersetuju pindah ke kampung baharu di atas bukit berdekatan yang lebih selamat,;Positive
;1MDB ditubuhkan untuk melakukan projek khusus dan asalnya ia menggabungkan semua projek berkait janakuasa tenaga dan kemudian projek itu mengalami beberapa masalah dan memerlukan penstrukturan semula;Negative
;bila semua aspek kewangan dalam 1MDB diselesaikan, memang 1MDB tidak mempunyai fungsi lagi, jadi wajar ia ditutup.;Positive
;“Tempoh hutang itu diselesaikan bergantung kepada projek-projek yang dilaksanakan sekarang untuk mewujudkan sumber kewangan sebab kita dah lakukan kesilapan. ;Negative
; Sekarang ini, kita nak tutup hutang itu dengan mengadakan projek lain, jadi ia memakan masa.;Negative
;Mungkin saya rasa 1MDB tiada masa sampai 10 tahun kerana kebanyakan hutang mereka perlu diselesaikan dalam tempoh lebih pendek daripada itu;Neutral
;tetapi bergantung kepada bagaimana ia akan diselesaikan dan bagi saya ia memerlukan perancangan kewangan yang sangat berkesan dalam tempoh 10 tahun dan hutang-hutang 1MDB juga adalah hutang jangka pendek;Neutral
;Memang 1MDB telah mewujudkan satu krisis dan suasana kewangan agak menggerunkan Malaysia, tapi kalau isu hutang-hutang ini dapat diselesaikan, pastinya ia akan mengubah imej dan kedudukan kewangan negara;Positive
;jumlah tanggungan hutang adalah besar dan ia memerlukan masa untuk menyelesaikanya;Negative
;mungkin di masa akan datang kerajaan perlu mewujudkan satu peraturan untuk mengelakkan diri melakukan perniagaan;Positive
;Kita kena bincang di peringkat parti masing-masing dulu dan serahkan kepada PH untuk membuat keputusan terbaik kerana saya berpendapat ada buruk baiknya bila guna satu logo. ;Neutral
;Jadi bahasa Inggeris menguntungkan kita, lagipun sebagai bahasa ilmu, kita mudah menguasai ilmu kalau kita faham bahasa inggeris.;Positive
;Kalau kita nak tunggu sehingga ilmu itu diterjemahkan kepada bahasa kita, tak mungkin semua ilmu diterjemahkan dan mungkin terjemahan itu tidak sebaik seperti bahasa asalnya;Negative
;Inilah nilai bahasa Inggeris dan kita tak akan hilang bahasa kita seperti orang Jerman;Positive
;Semua parti bersedia membenarkan lambang mereka digunakan, kecuali jika JPPM bermurah hati…takut pada kami kerana mereka belum beri kelulusan;Positive
;Kita harus terbuka untuk membuat kajian menyeluruh dan memikirkan faktor-faktor kemenangan, bukannya pada tahap ini kita begitu sentimental dengan parti masing-masing;Positive
;Ini masa untuk kita memudahkan rakyat.;Positive
