negeri,parlimen,dun
JOHOR,SEGAMAT,"BULOH KASAP"
JOHOR,SEGAMAT,JEMENTAH
JOHOR,SEKIJANG,PEMANIS
JOHOR,SEKIJANG,KEMELAH
JOHOR,LABIS,TENANG
JOHOR,LABIS,BEKOK
JOHOR,PAGOH,"BUKIT SERAMPANG"
JOHOR,PAGOH,JORAK
JOHOR,LEDANG,GAMBIR
JOHOR,LEDANG,TANGKAK
JOHOR,LEDANG,SEROM
JOHOR,BAKRI,BENTAYAN
JOHOR,BAKRI,"SUNGAI ABONG"
JOHOR,BAKRI,"BUKIT NANING"
JOHOR,MUAR,MAHARANI
JOHOR,MUAR,"SUNGAI BALANG"
JOHOR,"PARIT SULONG",SEMERAH
JOHOR,"PARIT SULONG","SRI MEDAN"
JOHOR,"AYER HITAM","YONG PENG"
JOHOR,"AYER HITAM",SEMARANG
JOHOR,"SRI GADING","PARIT YAANI"
JOHOR,"SRI GADING","PARIT RAJA"
JOHOR,"BATU PAHAT",PENGGARAM
JOHOR,"BATU PAHAT",SENGGARANG
JOHOR,"BATU PAHAT",RENGIT
JOHOR,"SIMPANG RENGGAM",MACHAP
JOHOR,"SIMPANG RENGGAM",LAYANG-LAYANG
JOHOR,KLUANG,MENGKIBOL
JOHOR,KLUANG,MAHKOTA
JOHOR,SEMBRONG,PALOH
JOHOR,SEMBRONG,KAHANG
JOHOR,MERSING,ENDAU
JOHOR,MERSING,TENGGAROH
JOHOR,TENGGARA,PANTI
JOHOR,TENGGARA,"PASIR RAJA"
JOHOR,"KOTA TINGGI",SEDILI
JOHOR,"KOTA TINGGI","JOHOR LAMA"
JOHOR,PENGERANG,PENAWAR
JOHOR,PENGERANG,"TANJONG SURAT"
JOHOR,TEBRAU,TIRAM
JOHOR,TEBRAU,"PUTERI WANGSA"
JOHOR,"PASIR GUDANG","JOHOR JAYA"
JOHOR,"PASIR GUDANG",PERMAS
JOHOR,"JOHOR BAHRU","TANJONG PUTERI"
JOHOR,"JOHOR BAHRU",STULANG
JOHOR,PULAI,"PENGKALAN RINTING"
JOHOR,PULAI,KEMPAS
JOHOR,"GELANG PATAH",SKUDAI
JOHOR,"GELANG PATAH","NUSA JAYA"
JOHOR,KULAI,"BUKIT PERMAI"
JOHOR,KULAI,"BUKIT BATU"
JOHOR,KULAI,SENAI
JOHOR,PONTIAN,BENUT
JOHOR,PONTIAN,"PULAI SEBATANG"
JOHOR,"TANJONG PIAI","PEKAN NENAS"
JOHOR,"TANJONG PIAI",KUKUP
KEDAH,LANGKAWI,"AYER HANGAT"
KEDAH,LANGKAWI,KUAH
KEDAH,JERLUN,"KOTA SIPUTEH"
KEDAH,JERLUN,"AYER HITAM"
KEDAH,"KUBANG PASU","BUKIT KAYU HITAM"
KEDAH,"KUBANG PASU",JITRA
KEDAH,"PADANG TERAP","KUALA NERANG"
KEDAH,"PADANG TERAP",PEDU
KEDAH,"POKOK SENA","BUKIT LADA"
KEDAH,"POKOK SENA","BUKIT PINANG"
KEDAH,"POKOK SENA",DERGA
KEDAH,"ALOR STAR","BAKAR BATA"
KEDAH,"ALOR STAR","KOTA DARUL AMAN"
KEDAH,"ALOR STAR","ALOR MENGKUDU"
KEDAH,"KUALA KEDAH","ANAK BUKIT"
KEDAH,"KUALA KEDAH","KUBANG ROTAN"
KEDAH,"KUALA KEDAH","PENGKALAN KUNDOR"
KEDAH,PENDANG,TOKAI
KEDAH,PENDANG,"SUNGAI TIANG"
KEDAH,JERAI,"SUNGAI LIMAU"
KEDAH,JERAI,"GUAR CHEMPEDAK"
KEDAH,JERAI,GURUN
KEDAH,SIK,BELANTEK
KEDAH,SIK,JENERI
KEDAH,MERBOK,"BUKIT SELAMBAU"
KEDAH,MERBOK,"TANJONG DAWAI"
KEDAH,"SUNGAI PETANI","PANTAI MERDEKA"
KEDAH,"SUNGAI PETANI","BAKAR ARANG"
KEDAH,"SUNGAI PETANI",SIDAM
KEDAH,BALING,BAYU
KEDAH,BALING,KUPANG
KEDAH,BALING,"KUALA KETIL"
KEDAH,"PADANG SERAI","MERBAU PULAS"
KEDAH,"PADANG SERAI",LUNAS
KEDAH,"KULIM-BANDAR BAHARU",KULIM
KEDAH,"KULIM-BANDAR BAHARU","BANDAR BAHARU"
KELANTAN,TUMPAT,"PENGKALAN KUBOR"
KELANTAN,TUMPAT,KELABORAN
KELANTAN,TUMPAT,"PASIR PEKAN"
KELANTAN,TUMPAT,"WAKAF BHARU"
KELANTAN,"PENGKALAN CHEPA",KIJANG
KELANTAN,"PENGKALAN CHEPA",CHEMPAKA
KELANTAN,"PENGKALAN CHEPA",PANCHOR
KELANTAN,"KOTA BHARU","TANJONG MAS"
KELANTAN,"KOTA BHARU","KOTA LAMA"
KELANTAN,"KOTA BHARU","BUNUT PAYONG"
KELANTAN,"PASIR MAS",TENDONG
KELANTAN,"PASIR MAS","PENGKALAN PASIR"
KELANTAN,"PASIR MAS",CHETOK
KELANTAN,"RANTAU PANJANG",MERANTI
KELANTAN,"RANTAU PANJANG","GUAL PERIOK"
KELANTAN,"RANTAU PANJANG","BUKIT TUKU"
KELANTAN,"KUBANG KERIAN",SALOR
KELANTAN,"KUBANG KERIAN","PASIR TUMBOH"
KELANTAN,"KUBANG KERIAN",DEMIT
KELANTAN,BACHOK,TAWANG
KELANTAN,BACHOK,PERUPOK
KELANTAN,BACHOK,JELAWAT
KELANTAN,KETEREH,MELOR
KELANTAN,KETEREH,KADOK
KELANTAN,KETEREH,"KOK LANAS"
KELANTAN,"TANAH MERAH","BUKIT PANAU"
KELANTAN,"TANAH MERAH","GUAL IPOH"
KELANTAN,"TANAH MERAH",KEMAHANG
KELANTAN,"PASIR PUTEH",SELISING
KELANTAN,"PASIR PUTEH",LIMBONGAN
KELANTAN,"PASIR PUTEH",SEMERAK
KELANTAN,"PASIR PUTEH",GAAL
KELANTAN,MACHANG,"PULAI CHONDONG"
KELANTAN,MACHANG,TEMANGAN
KELANTAN,MACHANG,KEMUNING
KELANTAN,JELI,"BUKIT BUNGA"
KELANTAN,JELI,"AIR LANAS"
KELANTAN,JELI,"KUALA BALAH"
KELANTAN,"KUALA KRAI",MENGKEBANG
KELANTAN,"KUALA KRAI",GUCHIL
KELANTAN,"KUALA KRAI","MANEK URAI"
KELANTAN,"KUALA KRAI",DABONG
KELANTAN,"GUA MUSANG",NENGGIRI
KELANTAN,"GUA MUSANG",PALOH
KELANTAN,"GUA MUSANG",GALAS
MELAKA,"MASJID TANAH","KUALA LINGGI"
MELAKA,"MASJID TANAH","TANJUNG BIDARA"
MELAKA,"MASJID TANAH","AYER LIMAU"
MELAKA,"MASJID TANAH",LENDU
MELAKA,"MASJID TANAH","TABOH NANING"
MELAKA,"ALOR GAJAH",REMBIA
MELAKA,"ALOR GAJAH",GADEK
MELAKA,"ALOR GAJAH",MACHAP
MELAKA,"ALOR GAJAH","DURIAN TUNGGAL"
MELAKA,"ALOR GAJAH",ASAHAN
MELAKA,"TANGGA BATU","SUNGAI UDANG"
MELAKA,"TANGGA BATU","PANTAI KUNDOR"
MELAKA,"TANGGA BATU","PAYA RUMPUT"
MELAKA,"TANGGA BATU",KELEBANG
MELAKA,"BUKIT KATIL",BACHANG
MELAKA,"BUKIT KATIL","AYER KEROH"
MELAKA,"BUKIT KATIL","BUKIT BARU"
MELAKA,"BUKIT KATIL","AYER MOLEK"
MELAKA,"KOTA MELAKA",KESIDANG
MELAKA,"KOTA MELAKA","KOTA LAKSAMANA"
MELAKA,"KOTA MELAKA",DUYONG
MELAKA,"KOTA MELAKA","BANDAR HILIR"
MELAKA,"KOTA MELAKA","TELOK MAS"
MELAKA,JASIN,BEMBAN
MELAKA,JASIN,RIM
MELAKA,JASIN,SERKAM
MELAKA,JASIN,MERLIMAU
MELAKA,JASIN,"SUNGAI RAMBAI"
"NEGERI SEMBILAN",JELEBU,CHENNAH
"NEGERI SEMBILAN",JELEBU,PERTANG
"NEGERI SEMBILAN",JELEBU,"SUNGAI LUI"
"NEGERI SEMBILAN",JELEBU,KLAWANG
"NEGERI SEMBILAN",JEMPOL,SERTING
"NEGERI SEMBILAN",JEMPOL,PALONG
"NEGERI SEMBILAN",JEMPOL,"JERAM PADANG"
"NEGERI SEMBILAN",JEMPOL,BAHAU
"NEGERI SEMBILAN",SEREMBAN,LENGGENG
"NEGERI SEMBILAN",SEREMBAN,NILAI
"NEGERI SEMBILAN",SEREMBAN,LOBAK
"NEGERI SEMBILAN",SEREMBAN,TEMIANG
"NEGERI SEMBILAN",SEREMBAN,SIKAMAT
"NEGERI SEMBILAN",SEREMBAN,AMPANGAN
"NEGERI SEMBILAN","KUALA PILAH",JUASSEH
"NEGERI SEMBILAN","KUALA PILAH","SERI MENANTI"
"NEGERI SEMBILAN","KUALA PILAH",SENALING
"NEGERI SEMBILAN","KUALA PILAH",PILAH
"NEGERI SEMBILAN","KUALA PILAH",JOHOL
"NEGERI SEMBILAN",RASAH,LABU
"NEGERI SEMBILAN",RASAH,"BUKIT KEPAYANG"
"NEGERI SEMBILAN",RASAH,RAHANG
"NEGERI SEMBILAN",RASAH,MAMBAU
"NEGERI SEMBILAN",RASAH,SENAWANG
"NEGERI SEMBILAN",REMBAU,PAROI
"NEGERI SEMBILAN",REMBAU,CHEMBONG
"NEGERI SEMBILAN",REMBAU,RANTAU
"NEGERI SEMBILAN",REMBAU,KOTA
"NEGERI SEMBILAN","TELOK KEMANG",CHUAH
"NEGERI SEMBILAN","TELOK KEMANG",LUKUT
"NEGERI SEMBILAN","TELOK KEMANG","BAGAN PINANG"
"NEGERI SEMBILAN","TELOK KEMANG",LINGGI
"NEGERI SEMBILAN","TELOK KEMANG","PORT DICKSON"
"NEGERI SEMBILAN",TAMPIN,GEMAS
"NEGERI SEMBILAN",TAMPIN,GEMENCHEH
"NEGERI SEMBILAN",TAMPIN,REPAH
PAHANG,"CAMERON HIGHLANDS","TANAH RATA"
PAHANG,"CAMERON HIGHLANDS",JELAI
PAHANG,LIPIS,"PADANG TENGKU"
PAHANG,LIPIS,CHEKA
PAHANG,LIPIS,BENTA
PAHANG,RAUB,"BATU TALAM"
PAHANG,RAUB,TRAS
PAHANG,RAUB,DONG
PAHANG,JERANTUT,TAHAN
PAHANG,JERANTUT,DAMAK
PAHANG,JERANTUT,"PULAU TAWAR"
PAHANG,"INDERA MAHKOTA",BESERAH
PAHANG,"INDERA MAHKOTA",SEMAMBU
PAHANG,KUANTAN,TERUNTUM
PAHANG,KUANTAN,"TANJUNG LUMPUR"
PAHANG,KUANTAN,INDERAPURA
PAHANG,"PAYA BESAR","SUNGAI LEMBING"
PAHANG,"PAYA BESAR",LEPAR
PAHANG,"PAYA BESAR",PANCHING
PAHANG,PEKAN,"PULAU MANIS"
PAHANG,PEKAN,"PERAMU JAYA"
PAHANG,PEKAN,BEBAR
PAHANG,PEKAN,CHINI
PAHANG,MARAN,LUIT
PAHANG,MARAN,"KUALA SENTUL"
PAHANG,MARAN,CHENOR
PAHANG,"KUALA KRAU",JENDERAK
PAHANG,"KUALA KRAU",KERDAU
PAHANG,"KUALA KRAU",JENGKA
PAHANG,TEMERLOH,MENTAKAB
PAHANG,TEMERLOH,LANCHANG
PAHANG,TEMERLOH,"KUALA SEMANTAN"
PAHANG,BENTONG,BILUT
PAHANG,BENTONG,KETARI
PAHANG,BENTONG,SABAI
PAHANG,BENTONG,PELANGAI
PAHANG,BERA,GUAI
PAHANG,BERA,TRIANG
PAHANG,BERA,KEMAYAN
PAHANG,ROMPIN,"BUKIT IBAM"
PAHANG,ROMPIN,"MUADZAM SHAH"
PAHANG,ROMPIN,TIOMAN
PERAK,GERIK,"PENGKALAN HULU"
PERAK,GERIK,TEMENGOR
PERAK,LENGGONG,KENERING
PERAK,LENGGONG,"KOTA TAMPAN"
PERAK,LARUT,SELAMA
PERAK,LARUT,"KUBU GAJAH"
PERAK,LARUT,"BATU KURAU"
PERAK,"PARIT BUNTAR","TITI SERONG"
PERAK,"PARIT BUNTAR","KUALA KURAU"
PERAK,"BAGAN SERAI","ALOR PONGSU"
PERAK,"BAGAN SERAI","GUNONG SEMANGGOL"
PERAK,"BAGAN SERAI",SELINSING
PERAK,"BUKIT GANTANG","KUALA SAPETANG"
PERAK,"BUKIT GANTANG","CHANGKAT JERING"
PERAK,"BUKIT GANTANG",TRONG
PERAK,TAIPING,KAMUNTING
PERAK,TAIPING,"POKOK ASSAM"
PERAK,TAIPING,AULONG
PERAK,"PADANG RENGAS",CHENDEROH
PERAK,"PADANG RENGAS","LUBOK MERBAU"
PERAK,"SUNGAI SIPUT",LINTANG
PERAK,"SUNGAI SIPUT",JALONG
PERAK,TAMBUN,MANJOI
PERAK,TAMBUN,"HULU KINTA"
PERAK,"IPOH TIMOR",CANNING
PERAK,"IPOH TIMOR","TEBING TINGGI"
PERAK,"IPOH TIMOR","PASIR PINJI"
PERAK,"IPOH BARAT",BERCHAM
PERAK,"IPOH BARAT",KEPAYANG
PERAK,"IPOH BARAT",BUNTONG
PERAK,"BATU GAJAH",JELAPANG
PERAK,"BATU GAJAH",MENGLEMBU
PERAK,"BATU GAJAH",TRONOH
PERAK,"KUALA KANGSAR","BUKIT CHANDAN"
PERAK,"KUALA KANGSAR",MANONG
PERAK,BERUAS,"PENGKALAN BAHARU"
PERAK,BERUAS,"PANTAI REMIS"
PERAK,PARIT,BELANJA
PERAK,PARIT,BOTA
PERAK,KAMPAR,"MALIM NAWAR"
PERAK,KAMPAR,KERANJI
PERAK,KAMPAR,"TUALANG SEKAH"
PERAK,GOPENG,"SUNGAI RAPAT"
PERAK,GOPENG,"SIMPANG PULAI"
PERAK,GOPENG,TEJA
PERAK,TAPAH,CHENDERIANG
PERAK,TAPAH,"AYER KUNING"
PERAK,"PASIR SALAK","SUNGAI MANIK"
PERAK,"PASIR SALAK","KAMPONG GAJAH"
PERAK,LUMUT,SITIAWAN
PERAK,LUMUT,"PASIR PANJANG"
PERAK,LUMUT,PANGKOR
PERAK,"BAGAN DATOK",RUNGKUP
PERAK,"BAGAN DATOK","HUTAN MELINTANG"
PERAK,"TELOK INTAN","PASIR BEDAMAR"
PERAK,"TELOK INTAN","CHANGKAT JONG"
PERAK,"TANJONG MALIM",SUNGKAI
PERAK,"TANJONG MALIM",SLIM
PERAK,"TANJONG MALIM",BEHRANG
PERLIS,"PADANG BESAR","TITI TINGGI"
PERLIS,"PADANG BESAR",BESERI
PERLIS,"PADANG BESAR",CHUPING
PERLIS,"PADANG BESAR","MATA AYER"
PERLIS,"PADANG BESAR",SANTAN
PERLIS,KANGAR,BINTONG
PERLIS,KANGAR,SENA
PERLIS,KANGAR,"INDERA KAYANGAN"
PERLIS,KANGAR,"KUALA PERLIS"
PERLIS,KANGAR,KAYANG
PERLIS,ARAU,PAUH
PERLIS,ARAU,"TAMBUN TULANG"
PERLIS,ARAU,"GUAR SANJI"
PERLIS,ARAU,"SIMPANG EMPAT"
PERLIS,ARAU,SANGLANG
"PULAU PINANG","KEPALA BATAS",PENAGA
"PULAU PINANG","KEPALA BATAS",BERTAM
"PULAU PINANG","KEPALA BATAS","PINANG TUNGGAL"
"PULAU PINANG","TASEK GELUGOR","PERMATANG BERANGAN"
"PULAU PINANG","TASEK GELUGOR","SUNGAI DUA"
"PULAU PINANG","TASEK GELUGOR","TELOK AYER TAWAR"
"PULAU PINANG",BAGAN,"SUNGAI PUYU"
"PULAU PINANG",BAGAN,"BAGAN JERMAL"
"PULAU PINANG",BAGAN,"BAGAN DALAM"
"PULAU PINANG","PERMATANG PAUH","SEBERANG JAYA"
"PULAU PINANG","PERMATANG PAUH","PERMATANG PASIR"
"PULAU PINANG","PERMATANG PAUH",PENANTI
"PULAU PINANG","BUKIT MERTAJAM",BERAPIT
"PULAU PINANG","BUKIT MERTAJAM","MACHANG BUBUK"
"PULAU PINANG","BUKIT MERTAJAM","PADANG LALANG"
"PULAU PINANG","BATU KAWAN",PERAI
"PULAU PINANG","BATU KAWAN","BUKIT TENGAH"
"PULAU PINANG","BATU KAWAN","BUKIT TAMBUN"
"PULAU PINANG","NIBONG TEBAL",JAWI
"PULAU PINANG","NIBONG TEBAL","SUNGAI BAKAP"
"PULAU PINANG","NIBONG TEBAL","SUNGAI ACHEH"
"PULAU PINANG","BUKIT BENDERA","TANJONG BUNGA"
"PULAU PINANG","BUKIT BENDERA","AIR PUTIH"
"PULAU PINANG","BUKIT BENDERA","KEBUN BUNGA"
"PULAU PINANG","BUKIT BENDERA","PULAU TIKUS"
"PULAU PINANG",TANJONG,"PADANG KOTA"
"PULAU PINANG",TANJONG,"PENGKALAN KOTA"
"PULAU PINANG",TANJONG,KOMTAR
"PULAU PINANG",JELUTONG,"DATOK KERAMAT"
"PULAU PINANG",JELUTONG,"SUNGAI PINANG"
"PULAU PINANG",JELUTONG,"BATU LANCANG"
"PULAU PINANG","BUKIT GELUGOR","SERI DELIMA"
"PULAU PINANG","BUKIT GELUGOR","AIR ITAM"
"PULAU PINANG","BUKIT GELUGOR","PAYA TERUBONG"
"PULAU PINANG","BAYAN BARU","BATU UBAN"
"PULAU PINANG","BAYAN BARU","PANTAI JEREJAK"
"PULAU PINANG","BAYAN BARU","BATU MAUNG"
"PULAU PINANG","BALIK PULAU","BAYAN LEPAS"
"PULAU PINANG","BALIK PULAU","PULAU BETONG"
"PULAU PINANG","BALIK PULAU","TELOK BAHANG"
SABAH,KUDAT,BANGGI
SABAH,KUDAT,"TANJONG KAPOR"
SABAH,KUDAT,PITAS
SABAH,"KOTA MARUDU",MATUNGGONG
SABAH,"KOTA MARUDU",TANDEK
SABAH,"KOTA BELUD",TEMPASUK
SABAH,"KOTA BELUD",KADAMAIAN
SABAH,"KOTA BELUD",USUKAN
SABAH,TUARAN,TAMPARULI
SABAH,TUARAN,SULAMAN
SABAH,TUARAN,KIULU
SABAH,SEPANGGAR,KARAMBUNAI
SABAH,SEPANGGAR,INANAM
SABAH,"KOTA KINABALU",LIKAS
SABAH,"KOTA KINABALU",API-API
SABAH,"KOTA KINABALU",LUYANG
SABAH,PUTATAN,"TANJONG ARU"
SABAH,PUTATAN,PETAGAS
SABAH,PENAMPANG,KAPAYAN
SABAH,PENAMPANG,MOYOG
SABAH,PAPAR,KAWANG
SABAH,PAPAR,"PANTAI MANIS"
SABAH,KIMANIS,BONGAWAN
SABAH,KIMANIS,MEMBAKUT
SABAH,BEAUFORT,KLIAS
SABAH,BEAUFORT,"KUALA PENYU"
SABAH,SIPITANG,LUMADAN
SABAH,SIPITANG,SINDUMIN
SABAH,RANAU,KUNDASANG
SABAH,RANAU,KARANAAN
SABAH,RANAU,PAGINATAN
SABAH,KENINGAU,TAMBUNAN
SABAH,KENINGAU,BINGKOR
SABAH,KENINGAU,LIAWAN
SABAH,TENOM,MELALAP
SABAH,TENOM,KEMABONG
SABAH,PENSIANGAN,SOOK
SABAH,PENSIANGAN,NABAWAN
SABAH,BELURAN,SUGUT
SABAH,BELURAN,LABUK
SABAH,LIBARAN,GUM-GUM
SABAH,LIBARAN,"SUNGAI SIBUGA"
SABAH,"BATU SAPI",SEKONG
SABAH,"BATU SAPI",KARAMUNTING
SABAH,SANDAKAN,ELOPURA
SABAH,SANDAKAN,"TANJONG PAPAT"
SABAH,KINABATANGAN,KUAMUT
SABAH,KINABATANGAN,SUKAU
SABAH,SILAM,TUNGKU
SABAH,SILAM,"LAHAD DATU"
SABAH,SILAM,KUNAK
SABAH,SEMPORNA,SULABAYAN
SABAH,SEMPORNA,SENALLANG
SABAH,SEMPORNA,BUGAYA
SABAH,TAWAU,BALUNG
SABAH,TAWAU,APAS
SABAH,TAWAU,"SRI TANJONG"
SABAH,KALABAKAN,MEROTAI
SABAH,KALABAKAN,"TANJONG BATU"
SABAH,KALABAKAN,SEBATIK
SARAWAK,"MAS GADING",OPAR
SARAWAK,"MAS GADING","TASIK BIRU"
SARAWAK,SANTUBONG,"TANJONG DATU"
SARAWAK,SANTUBONG,"PANTAI DAMAI"
SARAWAK,SANTUBONG,"DEMAK LAUT"
SARAWAK,"PETRA JAYA",TUPONG
SARAWAK,"PETRA JAYA",SAMARIANG
SARAWAK,"PETRA JAYA",SATOK
SARAWAK,"BANDAR KUCHING",PADUNGAN
SARAWAK,"BANDAR KUCHING",PENDING
SARAWAK,"BANDAR KUCHING","BATU LINTANG"
SARAWAK,STAMPIN,"KOTA SENTOSA"
SARAWAK,STAMPIN,"BATU KITANG"
SARAWAK,STAMPIN,"BATU KAWAH"
SARAWAK,"KOTA SAMARAHAN",ASAJAYA
SARAWAK,"KOTA SAMARAHAN","MUARA TUANG"
SARAWAK,"KOTA SAMARAHAN",STAKAN
SARAWAK,MAMBONG,SEREMBU
SARAWAK,MAMBONG,MAMBONG
SARAWAK,MAMBONG,TARAT
SARAWAK,SERIAN,TEBEDU
SARAWAK,SERIAN,KEDUP
SARAWAK,SERIAN,"BUKIT SEMUJA"
SARAWAK,"BATANG SADONG","SADONG JAYA"
SARAWAK,"BATANG SADONG",SIMUNJAN
SARAWAK,"BATANG SADONG",GEDONG
SARAWAK,"BATANG LUPAR",SEBUYAU
SARAWAK,"BATANG LUPAR",LINGGA
SARAWAK,"BATANG LUPAR","BETING MARO"
SARAWAK,"SRI AMAN","BALAI RINGIN"
SARAWAK,"SRI AMAN","BUKIT BEGUNAN"
SARAWAK,"SRI AMAN",SIMANGGANG
SARAWAK,"LUBOK ANTU",ENGKILILI
SARAWAK,"LUBOK ANTU","BATANG AI"
SARAWAK,BETONG,SARIBAS
SARAWAK,BETONG,LAYAR
SARAWAK,BETONG,"BUKIT SABAN"
SARAWAK,SARATOK,KALAKA
SARAWAK,SARATOK,KRIAN
SARAWAK,SARATOK,KABONG
SARAWAK,"TANJONG MANIS","KUALA RAJANG"
SARAWAK,"TANJONG MANIS",SEMOP
SARAWAK,IGAN,DARO
SARAWAK,IGAN,JEMORENG
SARAWAK,SARIKEI,REPOK
SARAWAK,SARIKEI,MERADONG
SARAWAK,JULAU,PAKAN
SARAWAK,JULAU,MELUAN
SARAWAK,KANOWIT,NGEMAH
SARAWAK,KANOWIT,MACHAN
SARAWAK,LANANG,"BUKIT ASSEK"
SARAWAK,LANANG,DUDONG
SARAWAK,SIBU,"BAWANG ASSAN"
SARAWAK,SIBU,PELAWAN
SARAWAK,SIBU,NANGKA
SARAWAK,MUKAH,DALAT
SARAWAK,MUKAH,TELLIAN
SARAWAK,MUKAH,BALINGIAN
SARAWAK,SELANGAU,TAMIN
SARAWAK,SELANGAU,KAKUS
SARAWAK,KAPIT,PELAGUS
SARAWAK,KAPIT,KATIBAS
SARAWAK,KAPIT,"BUKIT GORAM"
SARAWAK,"HULU RAJANG",BALEH
SARAWAK,"HULU RAJANG",BELAGA
SARAWAK,"HULU RAJANG",MURUM
SARAWAK,BINTULU,JEPAK
SARAWAK,BINTULU,"TANJONG BATU"
SARAWAK,BINTULU,KEMENA
SARAWAK,BINTULU,SAMALAJU
SARAWAK,SIBUTI,BEKENU
SARAWAK,SIBUTI,LAMBIR
SARAWAK,MIRI,PIASAU
SARAWAK,MIRI,PUJUT
SARAWAK,MIRI,SENADIN
SARAWAK,BARAM,MARUDI
SARAWAK,BARAM,"TELANG USAN"
SARAWAK,BARAM,MULU
SARAWAK,LIMBANG,"BUKIT KOTA"
SARAWAK,LIMBANG,"BATU DANAU"
SARAWAK,LAWAS,BA`KELALAN
SARAWAK,LAWAS,"BUKIT SARI"
SELANGOR,"SABAK BERNAM","SUNGAI AIR TAWAR"
SELANGOR,"SABAK BERNAM",SABAK
SELANGOR,"SUNGAI BESAR","SUNGAI PANJANG"
SELANGOR,"SUNGAI BESAR",SEKINCHAN
SELANGOR,"HULU SELANGOR","HULU BERNAM"
SELANGOR,"HULU SELANGOR","KUALA KUBU BAHARU"
SELANGOR,"HULU SELANGOR","BATANG KALI"
SELANGOR,"TANJONG KARANG","SUNGAI BURONG"
SELANGOR,"TANJONG KARANG",PERMATANG
SELANGOR,"KUALA SELANGOR","BUKIT MELAWATI"
SELANGOR,"KUALA SELANGOR",IJOK
SELANGOR,"KUALA SELANGOR",JERAM
SELANGOR,SELAYANG,KUANG
SELANGOR,SELAYANG,RAWANG
SELANGOR,SELAYANG,"TAMAN TEMPLER"
SELANGOR,GOMBAK,"BATU CAVES"
SELANGOR,GOMBAK,"GOMBAK SETIA"
SELANGOR,GOMBAK,"HULU KELANG"
SELANGOR,AMPANG,"BUKIT ANTARABANGSA"
SELANGOR,AMPANG,"LEMBAH JAYA"
SELANGOR,PANDAN,CHEMPAKA
SELANGOR,PANDAN,TERATAI
SELANGOR,"HULU LANGAT","DUSUN TUA"
SELANGOR,"HULU LANGAT",SEMENYIH
SELANGOR,"HULU LANGAT",KAJANG
SELANGOR,SERDANG,BANGI
SELANGOR,SERDANG,BALAKONG
SELANGOR,SERDANG,"SERI KEMBANGAN"
SELANGOR,PUCHONG,"SERI SERDANG"
SELANGOR,PUCHONG,KINRARA
SELANGOR,"KELANA JAYA","SUBANG JAYA"
SELANGOR,"KELANA JAYA","SERI SETIA"
SELANGOR,"PETALING JAYA SELATAN","TAMAN MEDAN"
SELANGOR,"PETALING JAYA SELATAN","BUKIT GASING"
SELANGOR,"PETALING JAYA UTARA","KAMPUNG TUNKU"
SELANGOR,"PETALING JAYA UTARA","DAMANSARA UTAMA"
SELANGOR,SUBANG,"BUKIT LANJAN"
SELANGOR,SUBANG,"PAYA JARAS"
SELANGOR,SUBANG,"KOTA DAMANSARA"
SELANGOR,"SHAH ALAM","KOTA ANGGERIK"
SELANGOR,"SHAH ALAM","BATU TIGA"
SELANGOR,KAPAR,MERU
SELANGOR,KAPAR,SEMENTA
SELANGOR,KAPAR,"SUNGAI PINANG"
SELANGOR,KAPAR,"SELAT KLANG"
SELANGOR,KLANG,"PELABUHAN KLANG"
SELANGOR,KLANG,PANDAMARAN
SELANGOR,KLANG,"KOTA ALAM SHAH"
SELANGOR,"KOTA RAJA","SERI ANDALAS"
SELANGOR,"KOTA RAJA","SRI MUDA"
SELANGOR,"KUALA LANGAT",SIJANGKANG
SELANGOR,"KUALA LANGAT","TELUK DATUK"
SELANGOR,"KUALA LANGAT",MORIB
SELANGOR,SEPANG,"TANJONG SEPAT"
SELANGOR,SEPANG,DENGKIL
SELANGOR,SEPANG,"SUNGAI PELEK"
TERENGGANU,BESUT,"KUALA BESUT"
TERENGGANU,BESUT,"KOTA PUTERA"
TERENGGANU,BESUT,JERTIH
TERENGGANU,BESUT,"HULU BESUT"
TERENGGANU,SETIU,JABI
TERENGGANU,SETIU,PERMAISURI
TERENGGANU,SETIU,LANGKAP
TERENGGANU,SETIU,"BATU RAKIT"
TERENGGANU,"KUALA NERUS",TEPUH
TERENGGANU,"KUALA NERUS","TELUK PASU"
TERENGGANU,"KUALA NERUS","SEBERANG TAKIR"
TERENGGANU,"KUALA NERUS","BUKIT TUNGGAL"
TERENGGANU,"KUALA TERENGGANU","WAKAF MEMPELAM"
TERENGGANU,"KUALA TERENGGANU",BANDAR
TERENGGANU,"KUALA TERENGGANU",LADANG
TERENGGANU,"KUALA TERENGGANU","BATU BURUK"
TERENGGANU,MARANG,"ALUR LIMBAT"
TERENGGANU,MARANG,"BUKIT PAYUNG"
TERENGGANU,MARANG,"RU RENDANG"
TERENGGANU,MARANG,"PENGKALAN BERANGAN"
TERENGGANU,"HULU TERENGGANU",TELEMUNG
TERENGGANU,"HULU TERENGGANU",MANIR
TERENGGANU,"HULU TERENGGANU","KUALA BERANG"
TERENGGANU,"HULU TERENGGANU",AJIL
TERENGGANU,DUNGUN,"BUKIT BESI"
TERENGGANU,DUNGUN,"RANTAU ABANG"
TERENGGANU,DUNGUN,SURA
TERENGGANU,DUNGUN,PAKA
TERENGGANU,KEMAMAN,KEMASIK
TERENGGANU,KEMAMAN,KIJAL
TERENGGANU,KEMAMAN,CUKAI
TERENGGANU,KEMAMAN,"AIR PUTIH"
"WILAYAH PERSEKUTUAN",KEPONG,NULL
"WILAYAH PERSEKUTUAN","WANGSA MAJU",NULL
"WILAYAH PERSEKUTUAN",SEGAMBUT,NULL
"WILAYAH PERSEKUTUAN",SETIAWANGSA,NULL
"WILAYAH PERSEKUTUAN",TITIWANGSA,NULL
"WILAYAH PERSEKUTUAN","BUKIT BINTANG",NULL
"WILAYAH PERSEKUTUAN","LEMBAH PANTAI",NULL
"WILAYAH PERSEKUTUAN",SEPUTEH,NULL
"WILAYAH PERSEKUTUAN",CHERAS,NULL
"WILAYAH PERSEKUTUAN","BANDAR TUN RAZAK",NULL
"WILAYAH PERSEKUTUAN",PUTRAJAYA,NULL
"WILAYAH PERSEKUTUAN",LABUAN,NULL
